{"cameraMode":{"drawMode":0,"name":"Shaded","section":"Shading Mode"},"sceneLighting":false,"audioPlay":false,"sceneViewState":{"m_AlwaysRefresh":false,"showFog":true,"showSkybox":false,"showFlares":true,"showImageEffects":true,"showParticleSystems":true,"showVisualEffectGraphs":true,"m_FxEnabled":true},"in2DMode":false,"pivot":{"x":1.692000150680542,"y":0.3229999542236328,"z":6.8600006103515629},"rotation":{"x":-0.01697472296655178,"y":0.8065667152404785,"z":-0.023277198895812036,"w":-0.5906327366828919},"size":12.12435531616211,"orthographic":false}